"city_comp","time","state","n","x","city","estimated_population","deaths","confirmed"
"ALTAMIRA-PA",1,"PA",232,1,"ALTAMIRA",115969,2,226
"ALTAMIRA-PA",2,"PA",250,6,"ALTAMIRA",115969,16,612
"ALTAMIRA-PA",3,"PA",250,10,"ALTAMIRA",115969,51,1331
"ARACAJU-SE",1,"SE",250,1,"ARACAJU",664908,33,2843
"ARACAJU-SE",2,"SE",250,2,"ARACAJU",664908,98,5296
"ARACAJU-SE",3,"SE",246,8,"ARACAJU",664908,223,11962
"ARAÇATUBA-SP",1,"SP",190,0,"ARAÇATUBA",198129,4,130
"ARAÇATUBA-SP",2,"SP",250,1,"ARAÇATUBA",198129,7,211
"ARAÇATUBA-SP",3,"SP",250,2,"ARAÇATUBA",198129,14,504
"ARAGUAÍNA-TO",1,"TO",238,0,"ARAGUAÍNA",183381,12,964
"ARAGUAÍNA-TO",2,"TO",200,2,"ARAGUAÍNA",183381,23,2347
"ARAGUAÍNA-TO",3,"TO",250,8,"ARAGUAÍNA",183381,53,3608
"ARAPIRACA-AL",1,"AL",223,0,"ARAPIRACA",233047,7,141
"ARAPIRACA-AL",2,"AL",250,6,"ARAPIRACA",233047,22,682
"ARAPIRACA-AL",3,"AL",250,11,"ARAPIRACA",233047,28,2279
"ARARAQUARA-SP",1,"SP",121,0,"ARARAQUARA",238339,4,160
"ARARAQUARA-SP",2,"SP",247,0,"ARARAQUARA",238339,5,365
"ARARAQUARA-SP",3,"SP",250,1,"ARARAQUARA",238339,10,777
"BACABAL-MA",1,"MA",250,2,"BACABAL",104790,1,177
"BACABAL-MA",2,"MA",250,10,"BACABAL",104790,12,720
"BACABAL-MA",3,"MA",250,24,"BACABAL",104790,16,1568
"BARBACENA-MG",1,"MG",56,0,"BARBACENA",138204,3,41
"BARBACENA-MG",2,"MG",250,0,"BARBACENA",138204,4,301
"BARBACENA-MG",3,"MG",250,0,"BARBACENA",138204,5,317
"BARRA DO GARÇAS-MT",1,"MT",7,0,"BARRA DO GARÇAS",61135,3,61
"BARRA DO GARÇAS-MT",2,"MT",250,1,"BARRA DO GARÇAS",61135,5,92
"BARRA DO GARÇAS-MT",3,"MT",250,2,"BARRA DO GARÇAS",61135,9,172
"BARREIRAS-BA",1,"BA",250,0,"BARREIRAS",156975,0,19
"BARREIRAS-BA",2,"BA",250,0,"BARREIRAS",156975,0,118
"BARREIRAS-BA",3,"BA",250,1,"BARREIRAS",156975,4,261
"BAURU-SP",1,"SP",225,0,"BAURU",379297,12,238
"BAURU-SP",2,"SP",250,1,"BAURU",379297,15,399
"BAURU-SP",3,"SP",250,0,"BAURU",379297,23,983
"BELÉM-PA",1,"PA",247,32,"BELÉM",1499641,965,7954
"BELÉM-PA",2,"PA",250,36,"BELÉM",1499641,1588,14091
"BELÉM-PA",3,"PA",250,11,"BELÉM",1499641,1872,18387
"BELO HORIZONTE-MG",1,"MG",168,0,"BELO HORIZONTE",2521564,36,1316
"BELO HORIZONTE-MG",2,"MG",250,0,"BELO HORIZONTE",2521564,59,2497
"BELO HORIZONTE-MG",3,"MG",250,2,"BELO HORIZONTE",2521564,104,4772
"BLUMENAU-SC",1,"SC",232,0,"BLUMENAU",361855,3,480
"BLUMENAU-SC",2,"SC",239,1,"BLUMENAU",361855,4,699
"BLUMENAU-SC",3,"SC",250,0,"BLUMENAU",361855,6,1146
"BOA VISTA-RR",1,"RR",250,10,"BOA VISTA",419652,54,1533
"BOA VISTA-RR",2,"RR",250,54,"BOA VISTA",419652,122,4423
"BOA VISTA-RR",3,"RR",250,48,"BOA VISTA",419652,215,8823
"BRASÍLIA-DF",1,"DF",240,0,"BRASÍLIA",3055149,79,4957
"BRASÍLIA-DF",2,"DF",250,2,"BRASÍLIA",3055149,196,15015
"BRASÍLIA-DF",3,"DF",250,2,"BRASÍLIA",3055149,449,33096
"BREVES-PA",1,"PA",250,53,"BREVES",103497,50,420
"BREVES-PA",2,"PA",250,26,"BREVES",103497,63,632
"BREVES-PA",3,"PA",250,20,"BREVES",103497,70,1047
"CAÇADOR-SC",1,"SC",192,0,"CAÇADOR",79313,1,18
"CAÇADOR-SC",2,"SC",250,0,"CAÇADOR",79313,1,26
"CAÇADOR-SC",3,"SC",250,0,"CAÇADOR",79313,4,63
"CÁCERES-MT",1,"MT",208,0,"CÁCERES",94861,3,19
"CÁCERES-MT",2,"MT",215,0,"CÁCERES",94861,5,43
"CÁCERES-MT",3,"MT",250,0,"CÁCERES",94861,7,158
"CACHOEIRO DE ITAPEMIRIM-ES",1,"ES",250,0,"CACHOEIRO DE ITAPEMIRIM",210589,4,137
"CACHOEIRO DE ITAPEMIRIM-ES",2,"ES",250,3,"CACHOEIRO DE ITAPEMIRIM",210589,18,573
"CACHOEIRO DE ITAPEMIRIM-ES",3,"ES",250,7,"CACHOEIRO DE ITAPEMIRIM",210589,54,1366
"CAICÓ-RN",1,"RN",5,0,"CAICÓ",68343,0,17
"CAICÓ-RN",2,"RN",250,0,"CAICÓ",68343,1,70
"CAICÓ-RN",3,"RN",250,5,"CAICÓ",68343,4,272
"CAMPINA GRANDE-PB",1,"PB",39,0,"CAMPINA GRANDE",411807,9,421
"CAMPINA GRANDE-PB",2,"PB",250,14,"CAMPINA GRANDE",411807,44,2473
"CAMPINA GRANDE-PB",3,"PB",250,3,"CAMPINA GRANDE",411807,85,5815
"CAMPINAS-SP",1,"SP",237,2,"CAMPINAS",1213792,45,1192
"CAMPINAS-SP",2,"SP",250,1,"CAMPINAS",1213792,104,2717
"CAMPINAS-SP",3,"SP",250,4,"CAMPINAS",1213792,253,6324
"CAMPO GRANDE-MS",1,"MS",113,0,"CAMPO GRANDE",906092,6,222
"CAMPO GRANDE-MS",2,"MS",203,0,"CAMPO GRANDE",906092,8,398
"CAMPO GRANDE-MS",3,"MS",250,1,"CAMPO GRANDE",906092,8,1554
"CAMPOS DOS GOYTACAZES-RJ",1,"RJ",21,0,"CAMPOS DOS GOYTACAZES",511168,14,372
"CAMPOS DOS GOYTACAZES-RJ",2,"RJ",189,2,"CAMPOS DOS GOYTACAZES",511168,46,954
"CAMPOS DOS GOYTACAZES-RJ",3,"RJ",250,4,"CAMPOS DOS GOYTACAZES",511168,82,1635
"CARUARU-PE",1,"PE",39,0,"CARUARU",365278,19,202
"CARUARU-PE",2,"PE",222,4,"CARUARU",365278,43,554
"CARUARU-PE",3,"PE",250,2,"CARUARU",365278,94,1389
"CASCAVEL-PR",1,"PR",248,1,"CASCAVEL",332333,6,175
"CASCAVEL-PR",2,"PR",250,0,"CASCAVEL",332333,10,756
"CASCAVEL-PR",3,"PR",250,10,"CASCAVEL",332333,32,2114
"CASTANHAL-PA",1,"PA",250,33,"CASTANHAL",203251,65,372
"CASTANHAL-PA",2,"PA",250,23,"CASTANHAL",203251,117,966
"CASTANHAL-PA",3,"PA",250,15,"CASTANHAL",203251,165,1459
"CAXIAS DO SUL-RS",1,"RS",250,0,"CAXIAS DO SUL",517451,3,107
"CAXIAS DO SUL-RS",2,"RS",250,0,"CAXIAS DO SUL",517451,5,230
"CAXIAS DO SUL-RS",3,"RS",250,0,"CAXIAS DO SUL",517451,12,765
"CAXIAS-MA",1,"MA",250,0,"CAXIAS",165525,3,71
"CAXIAS-MA",2,"MA",250,1,"CAXIAS",165525,12,423
"CAXIAS-MA",3,"MA",250,13,"CAXIAS",165525,22,843
"CHAPECÓ-SC",1,"SC",250,0,"CHAPECÓ",224013,2,626
"CHAPECÓ-SC",2,"SC",250,0,"CHAPECÓ",224013,5,1021
"CHAPECÓ-SC",3,"SC",250,3,"CHAPECÓ",224013,10,2287
"COLATINA-ES",1,"ES",222,0,"COLATINA",123400,3,152
"COLATINA-ES",2,"ES",250,2,"COLATINA",123400,5,492
"COLATINA-ES",3,"ES",250,4,"COLATINA",123400,25,1254
"CORRENTE-PI",1,"PI",250,0,"CORRENTE",26709,0,17
"CORRENTE-PI",2,"PI",250,0,"CORRENTE",26709,0,26
"CORRENTE-PI",3,"PI",250,0,"CORRENTE",26709,0,36
"CORUMBÁ-MS",1,"MS",250,0,"CORUMBÁ",112058,0,12
"CORUMBÁ-MS",2,"MS",250,0,"CORUMBÁ",112058,0,86
"CORUMBÁ-MS",3,"MS",250,2,"CORUMBÁ",112058,6,238
"CRATEÚS-CE",1,"CE",247,2,"CRATEÚS",75159,4,79
"CRATEÚS-CE",2,"CE",250,2,"CRATEÚS",75159,9,270
"CRATEÚS-CE",3,"CE",250,10,"CRATEÚS",75159,21,608
"CRICIÚMA-SC",1,"SC",250,0,"CRICIÚMA",217311,6,323
"CRICIÚMA-SC",2,"SC",185,0,"CRICIÚMA",217311,9,408
"CRICIÚMA-SC",3,"SC",250,1,"CRICIÚMA",217311,10,550
"CRUZEIRO DO SUL-AC",1,"AC",250,1,"CRUZEIRO DO SUL",89072,3,329
"CRUZEIRO DO SUL-AC",2,"AC",250,33,"CRUZEIRO DO SUL",89072,17,1359
"CRUZEIRO DO SUL-AC",3,"AC",250,28,"CRUZEIRO DO SUL",89072,31,1940
"CUIABÁ-MT",1,"MT",86,0,"CUIABÁ",618124,5,380
"CUIABÁ-MT",2,"MT",250,3,"CUIABÁ",618124,24,1212
"CUIABÁ-MT",3,"MT",250,2,"CUIABÁ",618124,125,3015
"CURITIBA-PR",1,"PR",217,0,"CURITIBA",1948626,35,711
"CURITIBA-PR",2,"PR",123,0,"CURITIBA",1948626,57,1312
"CURITIBA-PR",3,"PR",250,1,"CURITIBA",1948626,120,2968
"DIVINÓPOLIS-MG",1,"MG",16,0,"DIVINÓPOLIS",240408,1,134
"DIVINÓPOLIS-MG",2,"MG",250,0,"DIVINÓPOLIS",240408,3,224
"DIVINÓPOLIS-MG",3,"MG",250,0,"DIVINÓPOLIS",240408,10,330
"DOURADOS-MS",1,"MS",243,0,"DOURADOS",225495,1,84
"DOURADOS-MS",2,"MS",250,1,"DOURADOS",225495,2,613
"DOURADOS-MS",3,"MS",250,3,"DOURADOS",225495,16,2247
"FEIRA DE SANTANA-BA",1,"BA",66,1,"FEIRA DE SANTANA",619609,3,240
"FEIRA DE SANTANA-BA",2,"BA",208,1,"FEIRA DE SANTANA",619609,7,791
"FEIRA DE SANTANA-BA",3,"BA",250,5,"FEIRA DE SANTANA",619609,38,1670
"FLORIANO-PI",1,"PI",239,0,"FLORIANO",60025,0,46
"FLORIANO-PI",2,"PI",250,0,"FLORIANO",60025,3,85
"FLORIANO-PI",3,"PI",250,0,"FLORIANO",60025,5,152
"FLORIANÓPOLIS-SC",1,"SC",223,1,"FLORIANÓPOLIS",508826,6,525
"FLORIANÓPOLIS-SC",2,"SC",205,0,"FLORIANÓPOLIS",508826,8,792
"FLORIANÓPOLIS-SC",3,"SC",250,0,"FLORIANÓPOLIS",508826,13,1208
"FORTALEZA-CE",1,"CE",225,17,"FORTALEZA",2686612,1503,18644
"FORTALEZA-CE",2,"CE",226,30,"FORTALEZA",2686612,2458,27411
"FORTALEZA-CE",3,"CE",250,43,"FORTALEZA",2686612,3212,34027
"GOIÂNIA-GO",1,"GO",235,0,"GOIÂNIA",1536097,36,1049
"GOIÂNIA-GO",2,"GO",250,0,"GOIÂNIA",1536097,75,2345
"GOIÂNIA-GO",3,"GO",250,3,"GOIÂNIA",1536097,137,5728
"GOVERNADOR VALADARES-MG",1,"MG",34,0,"GOVERNADOR VALADARES",281046,5,98
"GOVERNADOR VALADARES-MG",2,"MG",189,1,"GOVERNADOR VALADARES",281046,7,286
"GOVERNADOR VALADARES-MG",3,"MG",250,2,"GOVERNADOR VALADARES",281046,30,718
"GUANAMBI-BA",1,"BA",245,0,"GUANAMBI",84928,0,0
"GUANAMBI-BA",2,"BA",250,0,"GUANAMBI",84928,0,52
"GUANAMBI-BA",3,"BA",250,0,"GUANAMBI",84928,0,72
"GUARAPUAVA-PR",1,"PR",250,0,"GUARAPUAVA",182644,0,20
"GUARAPUAVA-PR",2,"PR",250,0,"GUARAPUAVA",182644,0,43
"GUARAPUAVA-PR",3,"PR",250,0,"GUARAPUAVA",182644,2,84
"GURUPI-TO",1,"TO",250,0,"GURUPI",87545,1,67
"GURUPI-TO",2,"TO",250,0,"GURUPI",87545,4,127
"GURUPI-TO",3,"TO",250,1,"GURUPI",87545,5,194
"IGUATU-CE",1,"CE",9,0,"IGUATU",103074,9,85
"IGUATU-CE",2,"CE",250,2,"IGUATU",103074,17,162
"IGUATU-CE",3,"CE",250,5,"IGUATU",103074,25,633
"IJUÍ-RS",1,"RS",240,0,"IJUÍ",83764,0,9
"IJUÍ-RS",2,"RS",176,1,"IJUÍ",83764,0,27
"IJUÍ-RS",3,"RS",250,0,"IJUÍ",83764,1,112
"IMPERATRIZ-MA",1,"MA",41,0,"IMPERATRIZ",259337,55,1155
"IMPERATRIZ-MA",2,"MA",250,35,"IMPERATRIZ",259337,122,2671
"IMPERATRIZ-MA",3,"MA",250,31,"IMPERATRIZ",259337,195,3639
"IPATINGA-MG",1,"MG",82,0,"IPATINGA",265409,0,54
"IPATINGA-MG",2,"MG",224,0,"IPATINGA",265409,6,465
"IPATINGA-MG",3,"MG",250,1,"IPATINGA",265409,31,1140
"IPORÁ-GO",1,"GO",250,0,"IPORÁ",31499,2,4
"IPORÁ-GO",2,"GO",250,0,"IPORÁ",31499,2,6
"IPORÁ-GO",3,"GO",250,1,"IPORÁ",31499,2,98
"IRECÊ-BA",1,"BA",41,0,"IRECÊ",73524,0,7
"IRECÊ-BA",2,"BA",250,0,"IRECÊ",73524,0,21
"IRECÊ-BA",3,"BA",250,0,"IRECÊ",73524,1,61
"ITABAIANA-SE",1,"SE",250,0,"ITABAIANA",96142,1,218
"ITABAIANA-SE",2,"SE",250,3,"ITABAIANA",96142,6,421
"ITABAIANA-SE",3,"SE",250,6,"ITABAIANA",96142,16,903
"ITABUNA-BA",1,"BA",60,0,"ITABUNA",213685,11,672
"ITABUNA-BA",2,"BA",200,1,"ITABUNA",213685,33,1161
"ITABUNA-BA",3,"BA",250,8,"ITABUNA",213685,53,1947
"ITUMBIARA-GO",1,"GO",241,0,"ITUMBIARA",105809,0,18
"ITUMBIARA-GO",2,"GO",250,0,"ITUMBIARA",105809,1,22
"ITUMBIARA-GO",3,"GO",250,1,"ITUMBIARA",105809,1,128
"JI-PARANÁ-RO",2,"RO",250,2,"JI-PARANÁ",130009,5,178
"JI-PARANÁ-RO",3,"RO",250,0,"JI-PARANÁ",130009,9,374
"JOÃO PESSOA-PB",1,"PB",180,0,"JOÃO PESSOA",817511,89,2226
"JOÃO PESSOA-PB",2,"PB",250,13,"JOÃO PESSOA",817511,170,6004
"JOÃO PESSOA-PB",3,"PB",250,6,"JOÃO PESSOA",817511,287,11130
"JOINVILLE-SC",1,"SC",250,0,"JOINVILLE",597658,14,327
"JOINVILLE-SC",2,"SC",250,0,"JOINVILLE",597658,23,483
"JOINVILLE-SC",3,"SC",250,2,"JOINVILLE",597658,33,1161
"JUAZEIRO DO NORTE-CE",1,"CE",106,0,"JUAZEIRO DO NORTE",276264,9,68
"JUAZEIRO DO NORTE-CE",2,"CE",250,3,"JUAZEIRO DO NORTE",276264,21,476
"JUAZEIRO DO NORTE-CE",3,"CE",250,15,"JUAZEIRO DO NORTE",276264,70,1290
"JUAZEIRO-BA",1,"BA",250,0,"JUAZEIRO",218162,2,31
"JUAZEIRO-BA",2,"BA",250,0,"JUAZEIRO",218162,6,123
"JUAZEIRO-BA",3,"BA",250,10,"JUAZEIRO",218162,15,397
"JUIZ DE FORA-MG",1,"MG",250,1,"JUIZ DE FORA",573285,23,498
"JUIZ DE FORA-MG",2,"MG",250,0,"JUIZ DE FORA",573285,37,729
"JUIZ DE FORA-MG",3,"MG",250,0,"JUIZ DE FORA",573285,47,1345
"LÁBREA-AM",1,"AM",250,0,"LÁBREA",46882,0,38
"LÁBREA-AM",2,"AM",250,8,"LÁBREA",46882,0,117
"LÁBREA-AM",3,"AM",250,17,"LÁBREA",46882,6,413
"LAGES-SC",1,"SC",234,0,"LAGES",157349,0,49
"LAGES-SC",2,"SC",215,0,"LAGES",157349,0,165
"LAGES-SC",3,"SC",250,0,"LAGES",157349,0,235
"LONDRINA-PR",1,"PR",244,0,"LONDRINA",575377,18,209
"LONDRINA-PR",2,"PR",111,0,"LONDRINA",575377,31,603
"LONDRINA-PR",3,"PR",250,0,"LONDRINA",575377,61,1186
"LUZIÂNIA-GO",1,"GO",177,0,"LUZIÂNIA",211508,3,52
"LUZIÂNIA-GO",2,"GO",250,3,"LUZIÂNIA",211508,4,101
"LUZIÂNIA-GO",3,"GO",250,6,"LUZIÂNIA",211508,6,452
"MACAÉ-RJ",1,"RJ",156,1,"MACAÉ",261501,17,189
"MACAÉ-RJ",2,"RJ",206,1,"MACAÉ",261501,41,1209
"MACAÉ-RJ",3,"RJ",250,1,"MACAÉ",261501,69,1883
"MACAPÁ-AP",1,"AP",250,21,"MACAPÁ",512902,87,3257
"MACAPÁ-AP",2,"AP",250,32,"MACAPÁ",512902,162,5579
"MACAPÁ-AP",3,"AP",250,31,"MACAPÁ",512902,236,12861
"MACEIÓ-AL",1,"AL",234,3,"MACEIÓ",1025360,169,3156
"MACEIÓ-AL",2,"AL",250,26,"MACEIÓ",1025360,377,8134
"MACEIÓ-AL",3,"AL",250,34,"MACEIÓ",1025360,556,13906
"MANAUS-AM",1,"AM",250,27,"MANAUS",2219580,1094,12317
"MANAUS-AM",2,"AM",250,31,"MANAUS",2219580,1466,20837
"MANAUS-AM",3,"AM",250,17,"MANAUS",2219580,1735,26153
"MARABÁ-PA",1,"PA",250,18,"MARABÁ",283542,53,284
"MARABÁ-PA",2,"PA",250,22,"MARABÁ",283542,103,797
"MARABÁ-PA",3,"PA",250,15,"MARABÁ",283542,132,3253
"MARÍLIA-SP",1,"SP",229,0,"MARÍLIA",240590,2,40
"MARÍLIA-SP",2,"SP",250,0,"MARÍLIA",240590,1,88
"MARÍLIA-SP",3,"SP",250,0,"MARÍLIA",240590,7,280
"MARINGÁ-PR",1,"PR",250,0,"MARINGÁ",430157,6,101
"MARINGÁ-PR",2,"PR",126,0,"MARINGÁ",430157,10,245
"MARINGÁ-PR",3,"PR",250,0,"MARINGÁ",430157,15,872
"MONTES CLAROS-MG",1,"MG",250,0,"MONTES CLAROS",413487,2,46
"MONTES CLAROS-MG",2,"MG",250,0,"MONTES CLAROS",413487,2,86
"MONTES CLAROS-MG",3,"MG",250,0,"MONTES CLAROS",413487,3,175
"MOSSORÓ-RN",1,"RN",138,4,"MOSSORÓ",300618,36,736
"MOSSORÓ-RN",2,"RN",112,6,"MOSSORÓ",300618,73,1400
"MOSSORÓ-RN",3,"RN",250,12,"MOSSORÓ",300618,113,2311
"NATAL-RN",1,"RN",229,2,"NATAL",890480,49,1727
"NATAL-RN",2,"RN",241,7,"NATAL",890480,145,4139
"NATAL-RN",3,"RN",250,13,"NATAL",890480,328,8773
"OIAPOQUE-AP",1,"AP",250,8,"OIAPOQUE",27906,3,102
"OIAPOQUE-AP",2,"AP",250,11,"OIAPOQUE",27906,6,562
"OIAPOQUE-AP",3,"AP",250,12,"OIAPOQUE",27906,10,1379
"PALMAS-TO",1,"TO",243,0,"PALMAS",306296,4,372
"PALMAS-TO",2,"TO",250,1,"PALMAS",306296,8,793
"PALMAS-TO",3,"TO",250,0,"PALMAS",306296,15,1504
"PARINTINS-AM",1,"AM",250,11,"PARINTINS",115363,45,794
"PARINTINS-AM",2,"AM",250,24,"PARINTINS",115363,60,1658
"PARINTINS-AM",3,"AM",250,26,"PARINTINS",115363,72,2349
"PARNAÍBA-PI",1,"PI",250,0,"PARNAÍBA",153482,6,203
"PARNAÍBA-PI",2,"PI",250,12,"PARNAÍBA",153482,15,911
"PARNAÍBA-PI",3,"PI",250,28,"PARNAÍBA",153482,53,2262
"PASSO FUNDO-RS",1,"RS",250,1,"PASSO FUNDO",204722,25,445
"PASSO FUNDO-RS",2,"RS",233,1,"PASSO FUNDO",204722,35,870
"PASSO FUNDO-RS",3,"RS",250,3,"PASSO FUNDO",204722,41,1557
"PATOS DE MINAS-MG",1,"MG",250,1,"PATOS DE MINAS",153585,1,27
"PATOS DE MINAS-MG",2,"MG",250,0,"PATOS DE MINAS",153585,1,111
"PATOS DE MINAS-MG",3,"MG",250,0,"PATOS DE MINAS",153585,3,215
"PATOS-PB",1,"PB",42,0,"PATOS",108192,16,374
"PATOS-PB",2,"PB",250,3,"PATOS",108192,25,754
"PATOS-PB",3,"PB",250,9,"PATOS",108192,51,1134
"PAULO AFONSO-BA",1,"BA",66,0,"PAULO AFONSO",118516,0,14
"PAULO AFONSO-BA",2,"BA",250,1,"PAULO AFONSO",118516,0,56
"PAULO AFONSO-BA",3,"BA",211,2,"PAULO AFONSO",118516,1,143
"PELOTAS-RS",1,"RS",247,0,"PELOTAS",343132,0,45
"PELOTAS-RS",2,"RS",250,0,"PELOTAS",343132,0,116
"PELOTAS-RS",3,"RS",250,0,"PELOTAS",343132,2,215
"PETROLINA-PE",1,"PE",66,0,"PETROLINA",354317,4,107
"PETROLINA-PE",2,"PE",250,0,"PETROLINA",354317,11,204
"PETROLINA-PE",3,"PE",250,0,"PETROLINA",354317,22,529
"PETRÓPOLIS-RJ",1,"RJ",239,1,"PETRÓPOLIS",306678,27,273
"PETRÓPOLIS-RJ",2,"RJ",250,1,"PETRÓPOLIS",306678,54,510
"PETRÓPOLIS-RJ",3,"RJ",250,0,"PETRÓPOLIS",306678,89,790
"PICOS-PI",2,"PI",250,1,"PICOS",78431,5,226
"PICOS-PI",3,"PI",250,6,"PICOS",78431,8,474
"PONTA GROSSA-PR",1,"PR",250,4,"PONTA GROSSA",355336,0,49
"PONTA GROSSA-PR",2,"PR",234,0,"PONTA GROSSA",355336,0,101
"PONTA GROSSA-PR",3,"PR",250,0,"PONTA GROSSA",355336,1,265
"PORANGATU-GO",1,"GO",200,0,"PORANGATU",45633,0,12
"PORANGATU-GO",2,"GO",250,0,"PORANGATU",45633,1,25
"PORANGATU-GO",3,"GO",250,0,"PORANGATU",45633,1,39
"PORTO ALEGRE-RS",1,"RS",248,0,"PORTO ALEGRE",1488252,26,601
"PORTO ALEGRE-RS",2,"RS",230,0,"PORTO ALEGRE",1488252,44,1139
"PORTO ALEGRE-RS",3,"RS",250,0,"PORTO ALEGRE",1488252,69,2123
"PORTO VELHO-RO",2,"RO",250,7,"PORTO VELHO",539354,171,5161
"PORTO VELHO-RO",3,"RO",250,16,"PORTO VELHO",539354,324,10893
"POUSO ALEGRE-MG",1,"MG",250,0,"POUSO ALEGRE",152549,3,82
"POUSO ALEGRE-MG",2,"MG",250,0,"POUSO ALEGRE",152549,4,146
"POUSO ALEGRE-MG",3,"MG",250,2,"POUSO ALEGRE",152549,4,259
"PRESIDENTE DUTRA-MA",1,"MA",250,1,"PRESIDENTE DUTRA",48036,0,138
"PRESIDENTE DUTRA-MA",2,"MA",250,18,"PRESIDENTE DUTRA",48036,1,288
"PRESIDENTE DUTRA-MA",3,"MA",250,23,"PRESIDENTE DUTRA",48036,2,621
"PRESIDENTE PRUDENTE-SP",1,"SP",116,0,"PRESIDENTE PRUDENTE",230371,5,104
"PRESIDENTE PRUDENTE-SP",2,"SP",250,0,"PRESIDENTE PRUDENTE",230371,11,180
"PRESIDENTE PRUDENTE-SP",3,"SP",250,1,"PRESIDENTE PRUDENTE",230371,15,427
"QUIXADÁ-CE",1,"CE",245,0,"QUIXADÁ",88321,2,281
"QUIXADÁ-CE",2,"CE",250,3,"QUIXADÁ",88321,27,846
"QUIXADÁ-CE",3,"CE",250,19,"QUIXADÁ",88321,44,1609
"RECIFE-PE",1,"PE",240,7,"RECIFE",1653461,747,11584
"RECIFE-PE",2,"PE",220,6,"RECIFE",1653461,1242,16909
"RECIFE-PE",3,"PE",250,3,"RECIFE",1653461,1719,19975
"REDENÇÃO-PA",1,"PA",250,0,"REDENÇÃO",85563,1,38
"REDENÇÃO-PA",2,"PA",250,3,"REDENÇÃO",85563,2,300
"REDENÇÃO-PA",3,"PA",250,5,"REDENÇÃO",85563,12,878
"RIBEIRÃO PRETO-SP",1,"SP",239,1,"RIBEIRÃO PRETO",711825,17,575
"RIBEIRÃO PRETO-SP",2,"SP",250,0,"RIBEIRÃO PRETO",711825,40,1443
"RIBEIRÃO PRETO-SP",3,"SP",250,1,"RIBEIRÃO PRETO",711825,120,3071
"RIO BRANCO-AC",1,"AC",250,12,"RIO BRANCO",413418,67,2106
"RIO BRANCO-AC",2,"AC",250,10,"RIO BRANCO",413418,151,4545
"RIO BRANCO-AC",3,"AC",250,9,"RIO BRANCO",413418,232,6232
"RIO DE JANEIRO-RJ",1,"RJ",243,5,"RIO DE JANEIRO",6747815,2376,18743
"RIO DE JANEIRO-RJ",2,"RJ",250,16,"RIO DE JANEIRO",6747815,4462,36115
"RIO DE JANEIRO-RJ",3,"RJ",250,22,"RIO DE JANEIRO",6747815,6087,53307
"RIO VERDE-GO",1,"GO",202,0,"RIO VERDE",241518,2,33
"RIO VERDE-GO",2,"GO",250,1,"RIO VERDE",241518,2,203
"RIO VERDE-GO",3,"GO",250,4,"RIO VERDE",241518,20,3751
"RONDONÓPOLIS-MT",1,"MT",4,0,"RONDONÓPOLIS",236042,3,100
"RONDONÓPOLIS-MT",2,"MT",147,2,"RONDONÓPOLIS",236042,12,306
"RONDONÓPOLIS-MT",3,"MT",250,0,"RONDONÓPOLIS",236042,34,953
"RORAINÓPOLIS-RR",1,"RR",151,1,"RORAINÓPOLIS",30782,1,82
"RORAINÓPOLIS-RR",2,"RR",250,22,"RORAINÓPOLIS",30782,4,187
"RORAINÓPOLIS-RR",3,"RR",250,10,"RORAINÓPOLIS",30782,8,441
"SALVADOR-BA",1,"BA",250,0,"SALVADOR",2886698,248,6880
"SALVADOR-BA",2,"BA",215,10,"SALVADOR",2886698,600,16001
"SALVADOR-BA",3,"BA",250,8,"SALVADOR",2886698,991,25749
"SANTA CRUZ DO SUL-RS",1,"RS",250,0,"SANTA CRUZ DO SUL",131365,1,65
"SANTA CRUZ DO SUL-RS",2,"RS",250,0,"SANTA CRUZ DO SUL",131365,1,104
"SANTA CRUZ DO SUL-RS",3,"RS",250,0,"SANTA CRUZ DO SUL",131365,1,130
"SANTA MARIA-RS",1,"RS",250,0,"SANTA MARIA",283677,2,124
"SANTA MARIA-RS",2,"RS",242,0,"SANTA MARIA",283677,4,280
"SANTA MARIA-RS",3,"RS",250,0,"SANTA MARIA",283677,15,514
"SANTARÉM-PA",1,"PA",34,1,"SANTARÉM",306480,22,529
"SANTARÉM-PA",2,"PA",250,23,"SANTARÉM",306480,108,1364
"SANTARÉM-PA",3,"PA",250,38,"SANTARÉM",306480,161,2263
"SANTO ANTÔNIO DE JESUS-BA",1,"BA",86,0,"SANTO ANTÔNIO DE JESUS",102380,0,3
"SANTO ANTÔNIO DE JESUS-BA",3,"BA",250,3,"SANTO ANTÔNIO DE JESUS",102380,4,294
"SÃO JOSÉ DO RIO PRETO-SP",1,"SP",239,0,"SÃO JOSÉ DO RIO PRETO",464983,18,448
"SÃO JOSÉ DO RIO PRETO-SP",2,"SP",94,0,"SÃO JOSÉ DO RIO PRETO",464983,26,862
"SÃO JOSÉ DO RIO PRETO-SP",3,"SP",250,1,"SÃO JOSÉ DO RIO PRETO",464983,60,1993
"SÃO JOSÉ DOS CAMPOS-SP",1,"SP",51,0,"SÃO JOSÉ DOS CAMPOS",729737,29,586
"SÃO JOSÉ DOS CAMPOS-SP",2,"SP",170,0,"SÃO JOSÉ DOS CAMPOS",729737,45,1186
"SÃO JOSÉ DOS CAMPOS-SP",3,"SP",250,0,"SÃO JOSÉ DOS CAMPOS",729737,82,2355
"SÃO LUÍS-MA",1,"MA",103,1,"SÃO LUÍS",1108975,463,6685
"SÃO LUÍS-MA",2,"MA",232,13,"SÃO LUÍS",1108975,568,10613
"SÃO LUÍS-MA",3,"MA",250,13,"SÃO LUÍS",1108975,745,12635
"SÃO MATEUS-ES",1,"ES",24,0,"SÃO MATEUS",132642,2,140
"SÃO MATEUS-ES",2,"ES",250,0,"SÃO MATEUS",132642,4,295
"SÃO MATEUS-ES",3,"ES",250,3,"SÃO MATEUS",132642,15,539
"SÃO PAULO-SP",1,"SP",212,6,"SÃO PAULO",12325232,3238,41451
"SÃO PAULO-SP",2,"SP",250,5,"SÃO PAULO",12325232,4920,74796
"SÃO PAULO-SP",3,"SP",250,3,"SÃO PAULO",12325232,6675,113261
"SÃO RAIMUNDO NONATO-PI",1,"PI",247,0,"SÃO RAIMUNDO NONATO",34877,0,39
"SÃO RAIMUNDO NONATO-PI",2,"PI",250,0,"SÃO RAIMUNDO NONATO",34877,2,67
"SÃO RAIMUNDO NONATO-PI",3,"PI",250,0,"SÃO RAIMUNDO NONATO",34877,3,288
"SERRA TALHADA-PE",1,"PE",26,0,"SERRA TALHADA",86915,3,49
"SERRA TALHADA-PE",2,"PE",250,2,"SERRA TALHADA",86915,5,186
"SERRA TALHADA-PE",3,"PE",250,1,"SERRA TALHADA",86915,7,386
"SINOP-MT",1,"MT",22,0,"SINOP",146005,2,32
"SINOP-MT",2,"MT",250,0,"SINOP",146005,6,100
"SINOP-MT",3,"MT",250,3,"SINOP",146005,19,319
"SOBRAL-CE",1,"CE",232,4,"SOBRAL",210711,34,840
"SOBRAL-CE",2,"CE",176,33,"SOBRAL",210711,125,3060
"SOBRAL-CE",3,"CE",250,56,"SOBRAL",210711,204,5689
"SOROCABA-SP",1,"SP",39,0,"SOROCABA",687357,30,566
"SOROCABA-SP",2,"SP",210,1,"SOROCABA",687357,57,1273
"SOROCABA-SP",3,"SP",250,1,"SOROCABA",687357,98,2663
"SOUSA-PB",1,"PB",11,0,"SOUSA",69723,1,100
"SOUSA-PB",2,"PB",250,2,"SOUSA",69723,1,299
"SOUSA-PB",3,"PB",250,0,"SOUSA",69723,2,443
"TEFÉ-AM",1,"AM",250,42,"TEFÉ",59547,45,1037
"TEFÉ-AM",2,"AM",250,43,"TEFÉ",59547,62,2253
"TEFÉ-AM",3,"AM",250,37,"TEFÉ",59547,76,2701
"TEÓFILO OTONI-MG",1,"MG",242,1,"TEÓFILO OTONI",140937,4,86
"TEÓFILO OTONI-MG",2,"MG",250,2,"TEÓFILO OTONI",140937,10,372
"TEÓFILO OTONI-MG",3,"MG",250,5,"TEÓFILO OTONI",140937,22,638
"TERESINA-PI",1,"PI",250,1,"TERESINA",868075,46,1577
"TERESINA-PI",2,"PI",250,3,"TERESINA",868075,137,3309
"TERESINA-PI",3,"PI",250,21,"TERESINA",868075,307,6618
"UBERABA-MG",1,"MG",250,0,"UBERABA",337092,5,116
"UBERABA-MG",2,"MG",250,0,"UBERABA",337092,8,283
"UBERABA-MG",3,"MG",250,1,"UBERABA",337092,22,533
"UBERLÂNDIA-MG",1,"MG",235,0,"UBERLÂNDIA",699097,13,459
"UBERLÂNDIA-MG",2,"MG",250,0,"UBERLÂNDIA",699097,26,1214
"UBERLÂNDIA-MG",3,"MG",250,1,"UBERLÂNDIA",699097,63,3053
"URUGUAIANA-RS",1,"RS",250,0,"URUGUAIANA",126866,0,32
"URUGUAIANA-RS",2,"RS",250,0,"URUGUAIANA",126866,0,53
"URUGUAIANA-RS",3,"RS",250,1,"URUGUAIANA",126866,0,69
"VARGINHA-MG",1,"MG",245,0,"VARGINHA",136602,2,51
"VARGINHA-MG",2,"MG",250,0,"VARGINHA",136602,4,89
"VARGINHA-MG",3,"MG",250,1,"VARGINHA",136602,5,136
"VITÓRIA DA CONQUISTA-BA",1,"BA",86,0,"VITÓRIA DA CONQUISTA",341128,4,84
"VITÓRIA DA CONQUISTA-BA",2,"BA",250,0,"VITÓRIA DA CONQUISTA",341128,5,253
"VITÓRIA DA CONQUISTA-BA",3,"BA",250,0,"VITÓRIA DA CONQUISTA",341128,13,579
"VITÓRIA-ES",1,"ES",250,3,"VITÓRIA",365855,68,1664
"VITÓRIA-ES",2,"ES",250,7,"VITÓRIA",365855,126,3508
"VITÓRIA-ES",3,"ES",250,10,"VITÓRIA",365855,227,6266
"VOLTA REDONDA-RJ",1,"RJ",207,0,"VOLTA REDONDA",273988,20,546
"VOLTA REDONDA-RJ",2,"RJ",250,1,"VOLTA REDONDA",273988,36,927
"VOLTA REDONDA-RJ",3,"RJ",250,2,"VOLTA REDONDA",273988,56,1507
